site,site_label,lat,long,elev,glm_climate,gam_climate,rf_climate,brt_climate,max_climate,mean_pred_climate,glm_stream,gam_stream,rf_stream,brt_stream,max_stream,mean_pred_stream
CALAPOOIA,Calapooia Creek,44.359642,-122.842903,146,0.826413458,0.83881648,0.4808,0.678377421,0.470854482,0.659052368,0.017442997,0.011662,0.006,0.009055242,0.341133296,0.077058707
COAST,Coast Fork Willamette,43.6517,-123.087967,260,0.843824411,0.854833007,0.5128,0.736502224,0.482799211,0.686151771,0.039641139,0.047787338,0.08,0.042538932,0.67894578,0.177782638
HUNTER,Hunter,44.922787,-123.327316,101,0.875654248,0.880095456,0.6556,0.63180543,0.521084365,0.7128479,0.013479574,0.009087236,0.012,0.006454066,0.34875223,0.077954621
LOOK,Looking Glass,43.144088,-123.475052,176,0.89382941,0.88567966,0.7248,0.391045603,0.533786431,0.685828221,0.0319782,0.037100895,0.056,0.015310603,0.561759353,0.14042981
MOSBY,Mosby Creek,43.721298,-122.976311,243,0.843121938,0.850902162,0.487,0.694936018,0.467214635,0.668634951,0.025087646,0.027343944,0.066,0.018617299,0.686114669,0.164632711
ROCK,Rock Creek,43.37876,-122.952072,326,0.867232953,0.871477112,0.6656,0.818684969,0.517315981,0.748062203,0.039312189,0.047470207,0.626,0.128578933,0.725670099,0.313406286
THOMAS,Thomas,44.711785,-122.61087,229,0.757209592,0.717535389,0.267,0.217062161,0.418733659,0.47550816,0.055679305,0.055184428,0.162,0.053181711,0.728787839,0.210966657
WILEY,Wiley Creek,44.412022,-122.675446,176,0.832663845,0.839590272,0.4662,0.694192228,0.464397043,0.659408678,0.019268031,0.014861931,0.01,0.007677189,0.425367445,0.095434919
